Period,TotalPayments,InterestPayments,PrincipalPayments
1,702213.663085268,392819.1071587327,309394.5559265353
2,702213.6630852667,388558.478507231,313655.18457803567
3,702213.663085267,384238.4123998967,317975.25068537024
4,702213.6630852678,379858.0692398409,322355.59384542686
5,702213.6630852672,375416.5974277609,326797.0656575063
6,702213.663085268,370913.13318841165,331300.52989685634
7,702213.6630852679,366346.80039452796,335866.86269073986
8,702213.6630852673,361716.7103881819,340496.9526970854
9,702213.6630852672,357021.9617995251,345191.70128574217
10,702213.6630852687,352261.6403628804,349952.02272238827
11,702213.663085267,347434.8187301452,354778.8443551218
12,702213.6630852665,342540.5562814709,359673.1068037956
13,702213.6630852682,337577.8989331655,364635.76415210275
14,702213.6630852667,332545.8789427846,369667.78414248215
15,702213.663085268,327443.5147113858,374770.14837388217
16,702213.6630852678,322269.81058287225,379943.8525023955
17,702213.6630852679,317023.7566404038,385189.906444864
18,702213.6630852685,311704.3284998404,390509.33458542806
19,702213.6630852679,306310.4871001446,395903.17598512326
20,702213.6630852683,300841.1784907232,401372.4845945451
21,702213.6630852678,295295.3336156573,406918.3294696105
22,702213.6630852676,289671.8680947697,412541.79499049793
23,702213.6630852681,283969.68200148316,418243.9810837849
24,702213.6630852681,278187.65963742515,424026.0034478429
25,702213.663085267,272324.66930373537,429888.9937815316
26,702213.6630852681,266379.5630690169,435834.10001625126
27,702213.6630852676,260351.17653388422,441862.48655138345
28,702213.6630852674,254238.32859206843,447975.334493199
29,702213.6630852673,248039.8211880111,454173.8418972562
30,702213.6630852678,241754.4390709094,460459.22401435836
31,702213.663085268,235380.94954515484,466832.7135401131
32,702213.6630852674,228918.10221710627,473295.5608681612
33,702213.6630852671,222364.6287381543,479849.03434711276
34,702213.6630852672,215719.24254401503,486494.4205412522
35,702213.6630852667,208980.6385901946,493233.0244950721
36,702213.6630852678,202147.49308357798,500066.17000168975
37,702213.6630852679,195218.46321007254,506995.19987519534
38,702213.6630852679,188192.1868582566,514021.47622701124
39,702213.6630852674,181067.2823389724,521146.380746295
40,702213.663085268,173842.34810079692,528371.3149844711
41,702213.6630852674,166515.96244134038,535697.7006439271
42,702213.6630852668,159086.68321429717,543126.9798709697
43,702213.6630852672,151553.04753220224,550660.615553065
44,702213.6630852678,143913.5714648127,558300.091620455
45,702213.6630852674,136166.74973306287,566046.9133522046
46,702213.6630852661,128311.05539851818,573902.6076867479
47,702213.6630852673,120344.93954826763,581868.7235369997
48,702213.6630852667,112266.8309751822,589946.8321100845
49,702213.663085268,104075.13585347489,598138.5272317932
50,702213.6630852668,95768.23740948527,606445.4256757816
51,652621.8628493515,87344.49558762982,565277.3672617216
52,636020.5046137269,79488.27788834846,556532.2267253784
53,612588.4235975536,71751.72907286331,540836.6945246903
54,586303.1919352679,64229.19790532431,522073.99402994354
55,552184.8861708876,56959.20259671209,495225.6835741755
56,520529.8977046903,50068.05434376925,470461.843360921
57,487191.4449139498,43517.74313607389,443673.70177787595
58,441752.0850914868,37342.32872910723,404409.7563623796
59,398580.67567999003,31719.084888114347,366861.5907918757
60,360541.4680919343,26625.561781421035,333915.90631051327
61,310754.1232400461,21981.255254154225,288772.8679858919
62,262408.9865013881,17966.86425025492,244442.12225113314
63,220890.3660127011,14566.879111961813,206323.48690073928
64,192837.67156100486,11703.182054994271,181134.48950601058
65,155533.21234933718,9183.87598875585,146349.33636058134
66,132238.29064258776,7147.751579425807,125090.53906316197
67,108902.03892940619,5410.634069552211,103491.40485985398
68,87870.2793674149,3970.4715215194656,83899.80784589544
69,64025.57704272889,2793.2756783245277,61232.30136440436
70,53342.68086110555,1938.1578324461918,51404.52302865936
71,53342.6808611055,1218.0535699546695,52124.627291150835
72,35533.85470630126,487.7327128059676,35046.12199349529
73,0,0,0
